Franky,Franky,blatendr@uvm.edu,blatendr@uvm.edu,1,,1,Other
cxsss,cxsss,blatendr@uvm.edu,blatendr@uvm.edu,,plan2,,Male
asdasdasd,asdasdasd,blatendr@uvm.edu,blatendr@uvm.edu,,,,Male
asdasdasd,asdasdasd,blatendr@uvm.edu,blatendr@uvm.edu,,,,Male
sd,sd,blatendr@uvm.edu,blatendr@uvm.edu,,,,Male
First,First,blatendr@uvm.edu,blatendr@uvm.edu,,,plan3,Female
fffff,fffff,blatendr@uvm.edu,blatendr@uvm.edu,,plan2,,Female
nagel,nagel,nagel@uvm.edu,nagel@uvm.edu,plan1,,,Male
nagel,nagel,blatendr@uvm.edu,blatendr@uvm.edu,,plan2,,Female
nagel,nagel,nagel@uvm.edu,nagel@uvm.edu,,plan2,,Female
